episode_reward_max,episode_reward_min,episode_reward_mean,episode_len_mean,episodes_this_iter,timesteps_this_iter,done,timesteps_total,episodes_total,training_iteration,experiment_id,date,timestamp,time_this_iter_s,time_total_s,pid,hostname,node_ip,time_since_restore,timesteps_since_restore,iterations_since_restore,num_healthy_workers,trial_id,experiment_tag,sampler_perf/mean_env_wait_ms,sampler_perf/mean_processing_ms,sampler_perf/mean_inference_ms,info/num_steps_trained,info/num_steps_sampled,info/sample_time_ms,info/load_time_ms,info/grad_time_ms,info/update_time_ms,perf/cpu_util_percent,perf/ram_util_percent,info/learner/default_policy/cur_kl_coeff,info/learner/default_policy/cur_lr,info/learner/default_policy/total_loss,info/learner/default_policy/policy_loss,info/learner/default_policy/vf_loss,info/learner/default_policy/vf_explained_var,info/learner/default_policy/kl,info/learner/default_policy/entropy,info/learner/default_policy/entropy_coeff
464.4449119340223,225.1781370545706,357.88827777972267,1887.3333333333333,9,18000,False,18000,9,1,f5d0adeb691e440fa6a7984365e88d25,2022-09-25_09-36-43,1664091403,54.80033755302429,54.80033755302429,361727,kamil-ThinkBook-15-G2-ARE,192.168.0.66,54.80033755302429,18000,1,2,a865a3f6,0,3.572249121462821,0.7967754727028907,0.8763298713279016,17920,18000,48717.32,115.653,4978.91,866.57,37.44050632911392,38.28354430379747,0.20000000298023224,4.999999873689376e-05,1.4178404,-0.0047492324,1.4213262,0.7046686,0.006317444,2.0826216,0.0
464.4449119340223,73.78553601655958,310.0579144601168,1754.578947368421,10,18000,False,36000,19,2,f5d0adeb691e440fa6a7984365e88d25,2022-09-25_09-37-47,1664091467,63.97074341773987,118.77108097076416,361727,kamil-ThinkBook-15-G2-ARE,192.168.0.66,118.77108097076416,36000,2,2,a865a3f6,0,3.771468550896811,0.8134660952099487,0.9518532688698231,35840,36000,53175.729,62.222,5641.315,438.734,76.78021978021977,58.19120879120878,0.10000000149011612,4.999999873689376e-05,1.0783889,-0.0054336423,1.0825456,0.92693067,0.012769376,2.076358,0.0
464.4449119340223,73.78553601655958,323.2698429626435,1788.0344827586207,10,18000,False,54000,29,3,f5d0adeb691e440fa6a7984365e88d25,2022-09-25_09-39-10,1664091550,83.02207016944885,201.793151140213,361727,kamil-ThinkBook-15-G2-ARE,192.168.0.66,201.793151140213,54000,3,2,a865a3f6,0,4.0820551124509725,0.8279884352080076,1.0196612136238263,53760,54000,60897.013,44.833,5979.619,295.214,83.68907563025209,68.6201680672269,0.10000000149011612,4.999999873689376e-05,1.5421709,-0.006627001,1.547659,0.91097957,0.01138815,2.0370622,0.0
524.5427555725274,73.78553601655958,353.8662227534464,1806.0,10,18000,False,72000,39,4,f5d0adeb691e440fa6a7984365e88d25,2022-09-25_09-40-38,1664091638,87.57452082633972,289.36767196655273,361727,kamil-ThinkBook-15-G2-ARE,192.168.0.66,289.36767196655273,72000,4,2,a865a3f6,0,4.355026198986936,0.8393667311767268,1.072709619390557,71680,72000,66028.194,36.093,6014.487,225.102,83.9225806451613,69.11612903225809,0.10000000149011612,4.999999873689376e-05,2.3393419,-0.0066997036,2.345218,0.76411915,0.008237188,2.003708,0.0
529.578410548947,73.78553601655958,371.8935271575281,1816.3877551020407,10,18000,False,90000,49,5,f5d0adeb691e440fa6a7984365e88d25,2022-09-25_09-42-07,1664091727,89.09571862220764,378.4633905887604,361727,kamil-ThinkBook-15-G2-ARE,192.168.0.66,378.4633905887604,90000,5,2,a865a3f6,0,4.5781956899088545,0.8483490193644332,1.1141025295021099,89600,90000,69249.543,30.745,6197.935,182.416,84.19609374999999,69.16328125000001,0.05000000074505806,4.999999873689376e-05,2.1637094,-0.0064822123,2.1695635,0.8547155,0.012565421,1.9926671,0.0
560.7495600725642,72.46929796915853,373.3357781346936,1741.1129032258063,13,18000,False,108000,62,6,f5d0adeb691e440fa6a7984365e88d25,2022-09-25_09-43-36,1664091816,89.13019156455994,467.5935821533203,361727,kamil-ThinkBook-15-G2-ARE,192.168.0.66,467.5935821533203,108000,6,2,a865a3f6,0,4.797853225872338,0.8642617725590908,1.1549039449296579,107520,108000,71469.946,27.175,6252.727,152.938,84.06929133858266,69.24251968503934,0.05000000074505806,4.999999873689376e-05,3.4998317,-0.0059536975,3.5052478,0.71908873,0.010751866,1.9162679,0.0
568.9603226781793,27.324203719138385,369.76665039464183,1659.6133333333332,13,18000,False,126000,75,7,f5d0adeb691e440fa6a7984365e88d25,2022-09-25_09-45-04,1664091904,87.92511940002441,555.5187015533447,361727,kamil-ThinkBook-15-G2-ARE,192.168.0.66,555.5187015533447,126000,7,2,a865a3f6,0,4.9595061606432695,0.8792129460037456,1.1857390686518317,125440,126000,72873.787,24.504,6301.476,133.452,84.43039999999998,69.18159999999999,0.05000000074505806,4.999999873689376e-05,4.377519,-0.0064064963,4.383365,0.6469667,0.011213712,1.8420694,0.0
590.8760735240973,27.324203719138385,381.60855946225973,1665.964705882353,10,18000,False,144000,85,8,f5d0adeb691e440fa6a7984365e88d25,2022-09-25_09-46-32,1664091992,88.63586401939392,644.1545655727386,361727,kamil-ThinkBook-15-G2-ARE,192.168.0.66,644.1545655727386,144000,8,2,a865a3f6,0,5.063452352083838,0.8873295965359846,1.205525023429337,143360,144000,74020.838,22.798,6334.081,117.242,84.55634920634921,69.24920634920632,0.05000000074505806,4.999999873689376e-05,3.6275876,-0.0062070224,3.6333334,0.6841298,0.009222573,1.8279854,0.0
590.8760735240973,27.324203719138385,392.7869100430531,1680.463157894737,10,18000,False,162000,95,9,f5d0adeb691e440fa6a7984365e88d25,2022-09-25_09-48-02,1664092082,89.27853274345398,733.4330983161926,361727,kamil-ThinkBook-15-G2-ARE,192.168.0.66,733.4330983161926,162000,9,2,a865a3f6,0,5.156058999203989,0.893708701481875,1.2225411048072028,161280,162000,74989.075,21.356,6354.296,104.936,84.32343750000001,69.33437500000001,0.02500000037252903,4.999999873689376e-05,3.2866457,-0.006122344,3.292489,0.7529589,0.011171473,1.8598201,0.0
590.8760735240973,27.324203719138385,403.8736259448911,1676.24,11,18000,False,180000,106,10,f5d0adeb691e440fa6a7984365e88d25,2022-09-25_09-49-31,1664092171,89.30169296264648,822.7347912788391,361727,kamil-ThinkBook-15-G2-ARE,192.168.0.66,822.7347912788391,180000,10,2,a865a3f6,0,5.345827548952871,0.9035219404694973,1.2610044740399124,179200,180000,75772.26,19.999,6363.647,96.233,84.31968503937009,69.36377952755903,0.02500000037252903,4.999999873689376e-05,4.354059,-0.007113192,4.3607345,0.6770027,0.017515492,1.7953031,0.0
610.6893961804897,27.324203719138385,426.36591308019337,1691.74,9,18000,False,198000,115,11,f5d0adeb691e440fa6a7984365e88d25,2022-09-25_09-51-01,1664092261,89.37848854064941,912.1132798194885,361727,kamil-ThinkBook-15-G2-ARE,192.168.0.66,912.1132798194885,198000,11,2,a865a3f6,0,5.548796718087861,0.9156926135948383,1.2986273107111679,197120,198000,79160.936,9.5,6540.556,9.903,84.24921875,69.46328125,0.02500000037252903,4.999999873689376e-05,3.0156283,-0.007862175,3.0231793,0.72194964,0.012444794,1.7204227,0.0
610.6893961804897,27.324203719138385,443.6081742541537,1677.1,12,18000,False,216000,127,12,f5d0adeb691e440fa6a7984365e88d25,2022-09-25_09-52-30,1664092350,89.57088851928711,1001.6841683387756,361727,kamil-ThinkBook-15-G2-ARE,192.168.0.66,1001.6841683387756,216000,12,2,a865a3f6,0,5.750860191660467,0.9293739934631502,1.3335321504227542,215040,216000,81686.451,9.553,6576.066,9.181,84.20944881889764,69.52992125984252,0.02500000037252903,4.999999873689376e-05,4.338665,-0.0054098777,4.343796,0.6822474,0.0111404015,1.7407146,0.0
610.6893961804897,27.324203719138385,443.9259758644685,1647.44,9,18000,False,234000,136,13,f5d0adeb691e440fa6a7984365e88d25,2022-09-25_09-53-59,1664092439,88.70008039474487,1090.3842487335205,361727,kamil-ThinkBook-15-G2-ARE,192.168.0.66,1090.3842487335205,234000,13,2,a865a3f6,0,5.851795115679194,0.9362220237091091,1.351018191939957,232960,234000,82267.585,9.601,6562.911,8.975,84.27007874015747,69.30708661417322,0.02500000037252903,4.999999873689376e-05,3.6425812,-0.0048629413,3.647191,0.68789095,0.010126328,1.6695857,0.0
610.6893961804897,27.324203719138385,452.7214933558862,1642.66,11,18000,False,252000,147,14,f5d0adeb691e440fa6a7984365e88d25,2022-09-25_09-55-27,1664092527,87.88381123542786,1178.2680599689484,361727,kamil-ThinkBook-15-G2-ARE,192.168.0.66,1178.2680599689484,252000,14,2,a865a3f6,0,5.943022558780779,0.9438364159927306,1.3669290741489113,250880,252000,82253.767,9.548,6608.039,8.534,84.0768,69.25839999999998,0.02500000037252903,4.999999873689376e-05,4.6206203,-0.008316964,4.628578,0.7113312,0.01433411,1.6584402,0.0
610.6893961804897,27.324203719138385,466.4546841767422,1674.16,11,18000,False,270000,158,15,f5d0adeb691e440fa6a7984365e88d25,2022-09-25_09-56-56,1664092616,89.0897147655487,1267.357774734497,361727,kamil-ThinkBook-15-G2-ARE,192.168.0.66,1267.357774734497,270000,15,2,a865a3f6,0,6.011485240718332,0.9468776555075764,1.3789224407725769,268800,270000,82223.277,9.605,6637.282,9.007,84.27007874015747,69.32283464566926,0.02500000037252903,4.999999873689376e-05,4.8505816,-0.00545019,4.8557453,0.65017354,0.01146714,1.6550779,0.0
610.6893961804897,112.66188118989146,475.53807535216447,1695.98,13,18000,False,288000,171,16,f5d0adeb691e440fa6a7984365e88d25,2022-09-25_09-58-25,1664092705,89.58583641052246,1356.9436111450195,361727,kamil-ThinkBook-15-G2-ARE,192.168.0.66,1356.9436111450195,288000,16,2,a865a3f6,0,6.08100855115852,0.9499602937389432,1.3907074062450255,286720,288000,82236.864,9.655,6670.163,8.923,84.31484375,69.37421875,0.02500000037252903,4.999999873689376e-05,4.9247246,-0.006479741,4.9308944,0.6682215,0.01238853,1.6530895,0.0
610.6893961804897,98.97263370081177,463.7340159890441,1648.99,11,18000,False,306000,182,17,f5d0adeb691e440fa6a7984365e88d25,2022-09-25_09-59-52,1664092792,86.76577830314636,1443.709389448166,361727,kamil-ThinkBook-15-G2-ARE,192.168.0.66,1443.709389448166,306000,17,2,a865a3f6,0,6.129184632804875,0.9515538457190595,1.3985937149128063,304640,306000,82117.546,9.692,6674.207,7.946,84.20483870967743,69.38225806451612,0.02500000037252903,4.999999873689376e-05,4.724729,-0.0075195637,4.731897,0.7027013,0.014068283,1.6702728,0.0
610.6893961804897,94.73469043623123,467.3717345097984,1653.62,11,18000,False,324000,193,18,f5d0adeb691e440fa6a7984365e88d25,2022-09-25_10-01-20,1664092880,88.2277479171753,1531.9371373653412,361727,kamil-ThinkBook-15-G2-ARE,192.168.0.66,1531.9371373653412,324000,18,2,a865a3f6,0,6.167036056303846,0.9533872165930046,1.404859253993489,322560,324000,82077.027,10.023,6671.883,8.758,84.24603174603175,69.40238095238092,0.02500000037252903,4.999999873689376e-05,4.3331094,-0.007392538,4.340142,0.68307483,0.014411509,1.6408378,0.0
610.6893961804897,94.73469043623123,465.6476991615379,1633.78,11,18000,False,342000,204,19,f5d0adeb691e440fa6a7984365e88d25,2022-09-25_10-02-49,1664092969,88.06234836578369,1619.9994857311249,361727,kamil-ThinkBook-15-G2-ARE,192.168.0.66,1619.9994857311249,342000,19,2,a865a3f6,0,6.197768155888894,0.9547041242910186,1.4098436236968717,340480,342000,81975.749,9.901,6650.509,9.299,84.1576,69.44319999999999,0.02500000037252903,4.999999873689376e-05,4.44824,-0.008382268,4.4562306,0.68140525,0.01563841,1.6136856,0.0
601.1851299971395,94.73469043623123,465.32257710788673,1630.85,11,18000,False,360000,215,20,f5d0adeb691e440fa6a7984365e88d25,2022-09-25_10-04-18,1664093058,89.01119089126587,1709.0106766223907,361727,kamil-ThinkBook-15-G2-ARE,192.168.0.66,1709.0106766223907,360000,20,2,a865a3f6,0,6.223457984801992,0.9568619559741468,1.4137370643822265,358400,360000,81937.973,9.996,6658.102,8.235,84.13622047244093,69.55590551181102,0.02500000037252903,4.999999873689376e-05,4.7295713,-0.0058913925,4.7351203,0.6567426,0.013707218,1.6584165,0.0
601.1851299971395,94.73469043623123,463.5861706296439,1622.79,11,18000,False,378000,226,21,f5d0adeb691e440fa6a7984365e88d25,2022-09-25_10-05-47,1664093147,89.12019395828247,1798.1308705806732,361727,kamil-ThinkBook-15-G2-ARE,192.168.0.66,1798.1308705806732,378000,21,2,a865a3f6,0,6.244515867306416,0.9583012735929706,1.4169639380342693,376320,378000,81935.128,9.831,6635.209,8.427,84.43070866141733,69.5952755905512,0.02500000037252903,4.999999873689376e-05,4.9310975,-0.008258853,4.938925,0.6564281,0.017260049,1.6510189,0.0
601.1851299971395,94.73469043623123,458.098519469112,1599.5,13,18000,False,396000,239,22,f5d0adeb691e440fa6a7984365e88d25,2022-09-25_10-07-16,1664093236,88.89786028862,1887.0287308692932,361727,kamil-ThinkBook-15-G2-ARE,192.168.0.66,1887.0287308692932,396000,22,2,a865a3f6,0,6.263859687743259,0.9619425573965039,1.4202899371409508,394240,396000,81891.515,9.672,6609.611,9.393,84.40000000000002,69.5448818897638,0.02500000037252903,4.999999873689376e-05,5.6268215,-0.0054186424,5.6319556,0.63634217,0.011382658,1.6301388,0.0
601.1851299971395,94.73469043623123,449.2044080192879,1569.79,12,18000,False,414000,251,23,f5d0adeb691e440fa6a7984365e88d25,2022-09-25_10-08-45,1664093325,89.26303553581238,1976.2917664051056,361727,kamil-ThinkBook-15-G2-ARE,192.168.0.66,1976.2917664051056,414000,23,2,a865a3f6,0,6.2798358324011465,0.9651419302918299,1.4232561738915515,412160,414000,81920.243,9.505,6634.782,9.837,85.23149606299211,69.36929133858263,0.02500000037252903,4.999999873689376e-05,5.20576,-0.0073243515,5.2126846,0.62601525,0.016009893,1.7021732,0.0
603.6398448707799,94.73469043623123,440.6170132665461,1541.96,12,18000,False,432000,263,24,f5d0adeb691e440fa6a7984365e88d25,2022-09-25_10-10-14,1664093414,88.77687001228333,2065.068636417389,361727,kamil-ThinkBook-15-G2-ARE,192.168.0.66,2065.068636417389,432000,24,2,a865a3f6,0,6.294286644639305,0.9678276391695456,1.4258115451535276,430080,432000,81999.699,9.752,6644.91,9.232,84.66614173228344,70.11811023622046,0.02500000037252903,4.999999873689376e-05,5.27592,-0.0057119015,5.281298,0.6641679,0.0133739915,1.6493541,0.0
603.6398448707799,27.306992082538496,436.822684694132,1526.02,13,18000,False,450000,276,25,f5d0adeb691e440fa6a7984365e88d25,2022-09-25_10-11-44,1664093504,90.22115755081177,2155.2897939682007,361727,kamil-ThinkBook-15-G2-ARE,192.168.0.66,2155.2897939682007,450000,25,2,a865a3f6,0,6.309175338856039,0.97083772862323,1.4285504599883632,448000,450000,82223.924,9.731,6534.748,8.22,84.64961240310078,70.32713178294574,0.02500000037252903,4.999999873689376e-05,5.778545,-0.0062120445,5.7842636,0.5741223,0.019756058,1.7559451,0.0
603.6398448707799,27.306992082538496,431.5766024517568,1510.3,13,18000,False,468000,289,26,f5d0adeb691e440fa6a7984365e88d25,2022-09-25_10-13-13,1664093593,88.72186207771301,2244.0116560459137,361727,kamil-ThinkBook-15-G2-ARE,192.168.0.66,2244.0116560459137,468000,26,2,a865a3f6,0,6.322154662497487,0.974657757424991,1.4311605151873301,465920,468000,82188.297,9.528,6483.886,8.205,84.5547619047619,70.30793650793647,0.02500000037252903,4.999999873689376e-05,5.2709346,-0.0070119873,5.277639,0.74598944,0.012320092,1.6556275,0.0
618.1969604783485,27.306992082538496,427.8124500766813,1498.28,11,18000,False,486000,300,27,f5d0adeb691e440fa6a7984365e88d25,2022-09-25_10-14-42,1664093682,89.1920325756073,2333.203688621521,361727,kamil-ThinkBook-15-G2-ARE,192.168.0.66,2333.203688621521,486000,27,2,a865a3f6,0,6.332154425526778,0.9779080592978951,1.4332874953523116,483840,486000,82446.796,9.442,6467.097,8.072,84.69765625,70.3578125,0.02500000037252903,4.999999873689376e-05,4.2351403,-0.00793583,4.2427053,0.7100838,0.014865446,1.646512,0.0
618.6387320936603,27.306992082538496,418.4426026780673,1463.32,12,18000,False,504000,312,28,f5d0adeb691e440fa6a7984365e88d25,2022-09-25_10-16-11,1664093771,89.41250491142273,2422.6161935329437,361727,kamil-ThinkBook-15-G2-ARE,192.168.0.66,2422.6161935329437,504000,28,2,a865a3f6,0,6.34190380659243,0.9814103860567751,1.4355193290275918,501760,504000,82533.696,9.074,6499.954,7.801,84.5236220472441,70.69055118110235,0.02500000037252903,4.999999873689376e-05,5.6266217,-0.004945385,5.631305,0.5961396,0.010441986,1.7167352,0.0
618.6387320936603,27.306992082538496,412.77158195700474,1440.43,14,18000,False,522000,326,29,f5d0adeb691e440fa6a7984365e88d25,2022-09-25_10-17-40,1664093860,88.34737873077393,2510.9635722637177,361727,kamil-ThinkBook-15-G2-ARE,192.168.0.66,2510.9635722637177,522000,29,2,a865a3f6,0,6.350342715068332,0.9861672843263432,1.4380761189065208,519680,522000,82527.922,9.223,6531.559,8.316,84.72777777777779,70.5611111111111,0.02500000037252903,4.999999873689376e-05,4.771648,-0.007261702,4.7786074,0.7025607,0.012111442,1.6827371,0.0
618.6387320936603,27.306992082538496,421.0722250042751,1469.63,11,18000,False,540000,337,30,f5d0adeb691e440fa6a7984365e88d25,2022-09-25_10-19-10,1664093950,89.77018213272095,2600.7337543964386,361727,kamil-ThinkBook-15-G2-ARE,192.168.0.66,2600.7337543964386,540000,30,2,a865a3f6,0,6.357558298050094,0.9886990710844435,1.439943070275383,537600,540000,82611.535,9.558,6524.306,8.644,84.790625,70.57421875,0.02500000037252903,4.999999873689376e-05,4.087675,-0.006130936,4.0934625,0.71116465,0.013753072,1.6725183,0.0
618.6387320936603,27.306992082538496,423.31673698062946,1475.47,11,18000,False,558000,348,31,f5d0adeb691e440fa6a7984365e88d25,2022-09-25_10-20-39,1664094039,89.62224888801575,2690.3560032844543,361727,kamil-ThinkBook-15-G2-ARE,192.168.0.66,2690.3560032844543,558000,31,2,a865a3f6,0,6.364395900818357,0.991275560482882,1.4416672849312895,555520,558000,82673.028,9.496,6511.306,10.591,84.7234375,70.790625,0.02500000037252903,4.999999873689376e-05,4.3830867,-0.006843311,4.3896213,0.6924153,0.0123556135,1.7319471,0.0
618.6387320936603,27.306992082538496,429.8344120870809,1493.71,12,18000,False,576000,360,32,f5d0adeb691e440fa6a7984365e88d25,2022-09-25_10-22-10,1664094130,90.67138409614563,2781.0273873806,361727,kamil-ThinkBook-15-G2-ARE,192.168.0.66,2781.0273873806,576000,32,2,a865a3f6,0,6.372348396033231,0.9939540054506466,1.4435327151126813,573440,576000,82823.783,9.577,6539.864,9.631,84.57364341085271,70.93333333333335,0.02500000037252903,4.999999873689376e-05,5.2446737,-0.008689864,5.2529497,0.65672326,0.01655784,1.7148067,0.0
618.6387320936603,81.1868032433325,435.8923228214958,1514.9,12,18000,False,594000,372,33,f5d0adeb691e440fa6a7984365e88d25,2022-09-25_10-23-40,1664094220,90.59825015068054,2871.6256375312805,361727,kamil-ThinkBook-15-G2-ARE,192.168.0.66,2871.6256375312805,594000,33,2,a865a3f6,0,6.380256048666577,0.9957528332435129,1.4453069564416372,591360,594000,82945.229,9.537,6554.153,9.52,84.65384615384616,70.63307692307691,0.02500000037252903,4.999999873689376e-05,4.5323386,-0.00527256,4.537257,0.6688922,0.0141518675,1.757134,0.0
618.6387320936603,81.1868032433325,437.5520340531394,1518.52,11,18000,False,612000,383,34,f5d0adeb691e440fa6a7984365e88d25,2022-09-25_10-25-10,1664094310,89.59348344802856,2961.219120979309,361727,kamil-ThinkBook-15-G2-ARE,192.168.0.66,2961.219120979309,612000,34,2,a865a3f6,0,6.387382541499769,0.9972549053145702,1.4468398148502746,609280,612000,83030.58,9.258,6549.9,10.608,84.64881889763781,71.00787401574804,0.02500000037252903,4.999999873689376e-05,4.669131,-0.007064832,4.675783,0.6331996,0.016496046,1.8076004,0.0
618.6387320936603,81.1868032433325,451.7388910540597,1564.44,9,18000,False,630000,392,35,f5d0adeb691e440fa6a7984365e88d25,2022-09-25_10-26-39,1664094399,88.77724838256836,3049.9963693618774,361727,kamil-ThinkBook-15-G2-ARE,192.168.0.66,3049.9963693618774,630000,35,2,a865a3f6,0,6.393079428747907,0.9982737965190763,1.4480473644551608,627200,630000,82850.169,9.264,6586.252,10.425,84.52047244094487,70.82440944881891,0.02500000037252903,4.999999873689376e-05,4.0042214,-0.008618137,4.012424,0.69746464,0.016643891,1.8144778,0.0
618.6387320936603,81.1868032433325,445.8490221692456,1543.26,14,18000,False,648000,406,36,f5d0adeb691e440fa6a7984365e88d25,2022-09-25_10-28-07,1664094487,88.51310610771179,3138.5094754695892,361727,kamil-ThinkBook-15-G2-ARE,192.168.0.66,3138.5094754695892,648000,36,2,a865a3f6,0,6.401422678928542,0.9996311845739535,1.4497426040494714,645120,648000,82820.863,10.313,6593.53,10.369,84.65238095238097,71.0325396825397,0.02500000037252903,4.999999873689376e-05,5.590796,-0.006841382,5.5971503,0.63691235,0.019485058,1.7670262,0.0
605.1112685375721,81.1868032433325,446.9304374341851,1551.31,12,18000,False,666000,418,37,f5d0adeb691e440fa6a7984365e88d25,2022-09-25_10-29-38,1664094578,90.40887880325317,3228.9183542728424,361727,kamil-ThinkBook-15-G2-ARE,192.168.0.66,3228.9183542728424,666000,37,2,a865a3f6,0,6.408489296946005,1.0007737876343057,1.4511745611269093,663040,666000,82910.762,10.542,6625.998,10.223,84.70465116279071,71.2139534883721,0.02500000037252903,4.999999873689376e-05,5.079897,-0.005685132,5.085194,0.6773248,0.015506666,1.7565149,0.0
605.1112685375721,81.1868032433325,448.1817458460137,1553.9,12,18000,False,684000,430,38,f5d0adeb691e440fa6a7984365e88d25,2022-09-25_10-31-08,1664094668,89.67631983757019,3318.5946741104126,361727,kamil-ThinkBook-15-G2-ARE,192.168.0.66,3318.5946741104126,684000,38,2,a865a3f6,0,6.415672315605325,1.0017737519290535,1.4525263471575567,680960,684000,82936.043,10.474,6627.377,10.088,84.6578125,71.1296875,0.02500000037252903,4.999999873689376e-05,4.5237308,-0.008089563,4.531449,0.6911013,0.014887384,1.770754,0.0
605.1112685375721,55.9571131290813,449.3085834210849,1557.03,11,18000,False,702000,441,39,f5d0adeb691e440fa6a7984365e88d25,2022-09-25_10-32-39,1664094759,91.9123592376709,3410.5070333480835,361727,kamil-ThinkBook-15-G2-ARE,192.168.0.66,3410.5070333480835,702000,39,2,a865a3f6,0,6.422813869784616,1.0022758964246838,1.4536650335450574,698880,702000,83238.677,10.461,6684.229,9.035,84.4618320610687,70.95954198473282,0.02500000037252903,4.999999873689376e-05,4.5382605,-0.004434461,4.542416,0.67512596,0.011163658,1.826844,0.0
605.1112685375721,55.9571131290813,456.23685584964846,1582.02,10,18000,False,720000,451,40,f5d0adeb691e440fa6a7984365e88d25,2022-09-25_10-34-10,1664094850,90.4903154373169,3500.9973487854004,361727,kamil-ThinkBook-15-G2-ARE,192.168.0.66,3500.9973487854004,720000,40,2,a865a3f6,0,6.428928946211961,1.0027249247764396,1.4546402363559003,716800,720000,83270.555,10.236,6722.952,9.751,84.52945736434108,71.01937984496124,0.02500000037252903,4.999999873689376e-05,4.050298,-0.0077455025,4.0575857,0.7105707,0.0183405,1.6784205,0.0
604.2867788114842,55.9571131290813,449.4020494428049,1563.54,12,18000,False,738000,463,41,f5d0adeb691e440fa6a7984365e88d25,2022-09-25_10-35-40,1664094940,89.54581713676453,3590.543165922165,361727,kamil-ThinkBook-15-G2-ARE,192.168.0.66,3590.543165922165,738000,41,2,a865a3f6,0,6.435669771198703,1.003309475450854,1.4557491279414894,734720,738000,83243.615,10.204,6744.031,7.784,84.53437500000001,71.19609374999999,0.02500000037252903,4.999999873689376e-05,4.345838,-0.0066609904,4.35219,0.6881348,0.012349669,1.6837984,0.0
604.2867788114842,55.9571131290813,446.5966643729963,1555.28,12,18000,False,756000,475,42,f5d0adeb691e440fa6a7984365e88d25,2022-09-25_10-37-11,1664095031,91.49931693077087,3682.042482852936,361727,kamil-ThinkBook-15-G2-ARE,192.168.0.66,3682.042482852936,756000,42,2,a865a3f6,0,6.442038692724419,1.0040451952537957,1.4567194356594957,752640,756000,83319.154,10.198,6749.469,9.354,84.60692307692308,71.34384615384616,0.02500000037252903,4.999999873689376e-05,4.467985,-0.005411221,4.47311,0.68131334,0.011459594,1.6791794,0.0
614.2960558759617,55.9571131290813,457.18119145898214,1594.28,9,18000,False,774000,484,43,f5d0adeb691e440fa6a7984365e88d25,2022-09-25_10-38-41,1664095121,89.61374568939209,3771.656228542328,361727,kamil-ThinkBook-15-G2-ARE,192.168.0.66,3771.656228542328,774000,43,2,a865a3f6,0,6.446897880849224,1.0043115588560538,1.4574297114861026,770560,774000,83244.479,10.315,6724.503,10.107,84.625,71.4546875,0.02500000037252903,4.999999873689376e-05,3.6550996,-0.0084676705,3.663098,0.75889534,0.01877617,1.6480731,0.0
614.2960558759617,55.9571131290813,450.30250180423633,1571.18,12,18000,False,792000,496,44,f5d0adeb691e440fa6a7984365e88d25,2022-09-25_10-40-11,1664095211,90.38243675231934,3862.038665294647,361727,kamil-ThinkBook-15-G2-ARE,192.168.0.66,3862.038665294647,792000,44,2,a865a3f6,0,6.454113355433412,1.0044980950216769,1.4584238978127444,788480,792000,83360.043,10.215,6688.204,9.507,84.70077519379846,71.34883720930233,0.02500000037252903,4.999999873689376e-05,4.152647,-0.00673566,4.158999,0.7442759,0.0153354285,1.718155,0.0
614.2960558759617,55.9571131290813,455.02945141473674,1587.67,12,18000,False,810000,508,45,f5d0adeb691e440fa6a7984365e88d25,2022-09-25_10-41-41,1664095301,90.20470905303955,3952.2433743476868,361727,kamil-ThinkBook-15-G2-ARE,192.168.0.66,3952.2433743476868,810000,45,2,a865a3f6,0,6.460526079852289,1.005111773563388,1.4593130028664831,806400,810000,83449.977,10.304,6739.89,9.786,84.73643410852713,71.631007751938,0.02500000037252903,4.999999873689376e-05,4.50972,-0.006408566,4.5157156,0.6831348,0.016512485,1.619792,0.0
614.2960558759617,55.9571131290813,460.200641857202,1602.98,12,18000,False,828000,520,46,f5d0adeb691e440fa6a7984365e88d25,2022-09-25_10-43-12,1664095392,90.8419840335846,4043.0853583812714,361727,kamil-ThinkBook-15-G2-ARE,192.168.0.66,4043.0853583812714,828000,46,2,a865a3f6,0,6.467325916246122,1.0052512814876382,1.4601463664327978,824320,828000,83661.988,9.402,6761.237,10.61,84.36356589147286,71.1658914728682,0.02500000037252903,4.999999873689376e-05,3.5553956,-0.007901301,3.5628567,0.7799071,0.017587822,1.6974952,0.0
614.2960558759617,50.05837241479926,461.96190830282006,1611.77,10,18000,False,846000,530,47,f5d0adeb691e440fa6a7984365e88d25,2022-09-25_10-44-42,1664095482,89.20750069618225,4132.292859077454,361727,kamil-ThinkBook-15-G2-ARE,192.168.0.66,4132.292859077454,846000,47,2,a865a3f6,0,6.472741064024712,1.0052420066785102,1.460808543899694,842240,846000,83564.354,9.273,6739.262,10.742,84.77656249999998,71.4546875,0.02500000037252903,4.999999873689376e-05,3.0451002,-0.010225982,3.0547574,0.80757636,0.022741344,1.6693381,0.0
614.2960558759617,50.05837241479926,461.54328821899935,1609.13,12,18000,False,864000,542,48,f5d0adeb691e440fa6a7984365e88d25,2022-09-25_10-46-12,1664095572,90.53636479377747,4222.829223871231,361727,kamil-ThinkBook-15-G2-ARE,192.168.0.66,4222.829223871231,864000,48,2,a865a3f6,0,6.478296412361192,1.0054780205863896,1.4616067608724734,860160,864000,83680.798,9.215,6709.43,10.414,84.59612403100776,71.45116279069768,0.02500000037252903,4.999999873689376e-05,5.217442,-0.0065915934,5.223707,0.6387218,0.013051637,1.6640718,0.0
614.2960558759617,50.05837241479926,454.1716089037114,1581.03,11,18000,False,882000,553,49,f5d0adeb691e440fa6a7984365e88d25,2022-09-25_10-47-42,1664095662,89.84469270706177,4312.673916578293,361727,kamil-ThinkBook-15-G2-ARE,192.168.0.66,4312.673916578293,882000,49,2,a865a3f6,0,6.483086241032063,1.005782701880671,1.4623417845084066,878080,882000,83541.005,9.126,6643.366,10.213,84.746875,71.58906250000001,0.02500000037252903,4.999999873689376e-05,4.39981,-0.0058784834,4.4053264,0.6739447,0.014480262,1.5911983,0.0
614.2960558759617,50.05837241479926,466.66073674821456,1621.87,9,18000,False,900000,562,50,f5d0adeb691e440fa6a7984365e88d25,2022-09-25_10-49-12,1664095752,90.32844638824463,4403.0023629665375,361727,kamil-ThinkBook-15-G2-ARE,192.168.0.66,4403.0023629665375,900000,50,2,a865a3f6,0,6.487594578322809,1.0054830712244354,1.4629444797189928,896000,900000,83579.61,9.385,6590.03,9.965,84.72170542635659,71.5906976744186,0.02500000037252903,4.999999873689376e-05,3.0307965,-0.009544918,3.0399334,0.75755006,0.016333783,1.6487861,0.0
614.2960558759617,50.05837241479926,474.9961145889445,1648.17,11,18000,False,918000,573,51,f5d0adeb691e440fa6a7984365e88d25,2022-09-25_10-50-42,1664095842,89.82718420028687,4492.829547166824,361727,kamil-ThinkBook-15-G2-ARE,192.168.0.66,4492.829547166824,918000,51,2,a865a3f6,0,6.492728074511063,1.0050788834798814,1.463680641315363,913920,918000,83590.0,9.827,6607.494,10.1,84.734375,71.72109375000001,0.02500000037252903,4.999999873689376e-05,3.7293065,-0.004863677,3.7338004,0.748424,0.014794134,1.6254812,0.0
604.9660798522292,132.94251764285752,434.49498304627815,1478.3636363636363,11,18000,False,918000,573,51,f5d0adeb691e440fa6a7984365e88d25,2022-09-25_10-52-45,1664095965,93.44411420822144,4496.446477174759,579112,kamil-ThinkBook-15-G2-ARE,192.168.0.66,93.44411420822144,18000,1,2,a865a3f6,0,6.718155239954498,0.9995247970460696,1.5022246749555372,913920,918000,84580.995,141.314,7382.939,1229.175,85.09477611940298,72.02985074626865,0.20000000298023224,4.999999873689376e-05,3.905445,-0.008389465,3.9116194,0.7297397,0.01107585,1.6460705,0.0
609.1565408637255,79.71761937419531,457.3307781499566,1554.6521739130435,12,18000,False,936000,585,52,f5d0adeb691e440fa6a7984365e88d25,2022-09-25_10-54-17,1664096057,91.74542570114136,4588.1919028759,579112,kamil-ThinkBook-15-G2-ARE,192.168.0.66,185.1895399093628,36000,2,2,a865a3f6,0,6.749310324731612,1.0134570445421693,1.5063891281267616,931840,936000,84953.589,74.759,6881.856,621.217,84.97862595419848,71.96564885496183,0.20000000298023224,4.999999873689376e-05,3.6802504,-0.0050091315,3.6833155,0.74948525,0.009720108,1.6114373,0.0
609.1565408637255,64.46816695750746,419.11348323423505,1433.2222222222222,13,18000,False,954000,598,53,f5d0adeb691e440fa6a7984365e88d25,2022-09-25_10-55-47,1664096147,90.2720742225647,4678.463977098465,579112,kamil-ThinkBook-15-G2-ARE,192.168.0.66,275.4616141319275,54000,3,2,a865a3f6,0,6.7382315281406004,1.0315508938894562,1.509723686252424,949760,954000,84564.107,52.652,6740.506,416.114,85.49922480620155,71.71317829457364,0.10000000149011612,4.999999873689376e-05,4.268458,-0.0065390854,4.273806,0.7415524,0.011902644,1.5844456,0.0
609.1565408637255,64.46816695750746,417.3125967456701,1434.0833333333333,12,18000,False,972000,610,54,f5d0adeb691e440fa6a7984365e88d25,2022-09-25_10-57-17,1664096237,89.97964596748352,4768.4436230659485,579112,kamil-ThinkBook-15-G2-ARE,192.168.0.66,365.441260099411,72000,4,2,a865a3f6,0,6.7293344053957185,1.0386785430533936,1.509876301498372,967680,972000,84315.856,41.401,6650.36,313.79,84.86406249999999,72.49453125000001,0.10000000149011612,4.999999873689376e-05,4.6401086,-0.0035901256,4.6427813,0.67517376,0.009177932,1.6078104,0.0
609.608596595809,64.46816695750746,435.70367571743327,1505.7413793103449,10,18000,False,990000,620,55,f5d0adeb691e440fa6a7984365e88d25,2022-09-25_10-58-48,1664096328,90.26268339157104,4858.7063064575195,579112,kamil-ThinkBook-15-G2-ARE,192.168.0.66,455.70394349098206,90000,5,2,a865a3f6,0,6.727557695669765,1.0379598548663993,1.5101232072090824,985600,990000,84193.799,34.708,6626.87,252.206,84.97131782945736,72.60852713178295,0.05000000074505806,4.999999873689376e-05,3.9608164,-0.0068239765,3.9670653,0.72996557,0.011491639,1.6546439,0.0
611.6896626741222,64.46816695750746,442.74016243036414,1528.2428571428572,12,18000,False,1008000,632,56,f5d0adeb691e440fa6a7984365e88d25,2022-09-25_11-00-20,1664096420,92.46701192855835,4951.173318386078,579112,kamil-ThinkBook-15-G2-ARE,192.168.0.66,548.1709554195404,108000,6,2,a865a3f6,0,6.728356231835609,1.0379723787117794,1.51031373776231,1003520,1008000,84342.217,31.082,6745.631,213.461,85.06742424242425,72.6651515151515,0.05000000074505806,4.999999873689376e-05,4.243968,-0.006272834,4.249673,0.7146703,0.011354323,1.6603156,0.0
611.6896626741222,28.313607897289703,443.684583766824,1530.280487804878,12,18000,False,1026000,644,57,f5d0adeb691e440fa6a7984365e88d25,2022-09-25_11-01-52,1664096512,91.47658324241638,5042.649901628494,579112,kamil-ThinkBook-15-G2-ARE,192.168.0.66,639.6475386619568,126000,7,2,a865a3f6,0,6.7288151425813485,1.038530639987407,1.5107895908006432,1021440,1026000,84324.36,28.038,6814.239,184.263,85.00076923076922,72.8723076923077,0.05000000074505806,4.999999873689376e-05,4.081678,-0.0070375977,4.0881233,0.76437736,0.011833196,1.5184408,0.0
611.6896626741222,28.313607897289703,443.16895659477746,1531.1612903225807,11,18000,False,1044000,655,58,f5d0adeb691e440fa6a7984365e88d25,2022-09-25_11-03-22,1664096602,90.95194721221924,5133.6018488407135,579112,kamil-ThinkBook-15-G2-ARE,192.168.0.66,730.599485874176,144000,8,2,a865a3f6,0,6.728313746616302,1.0381342519536367,1.5107094406927428,1039360,1044000,84197.316,25.964,6912.868,163.215,85.15692307692309,73.0,0.05000000074505806,4.999999873689376e-05,3.7183402,-0.005090704,3.7228045,0.76082516,0.012524779,1.4830276,0.0
611.6896626741222,28.313607897289703,441.0676837216054,1525.73,13,18000,False,1062000,668,59,f5d0adeb691e440fa6a7984365e88d25,2022-09-25_11-04-52,1664096692,89.62528896331787,5223.227137804031,579112,kamil-ThinkBook-15-G2-ARE,192.168.0.66,820.2247748374939,162000,9,2,a865a3f6,0,6.722105246634511,1.044629077095942,1.5105593856454356,1057280,1062000,84047.59,24.09,6893.134,147.186,84.91484375,72.89765624999998,0.05000000074505806,4.999999873689376e-05,4.5604615,-0.010133083,4.5697885,0.73320377,0.016121117,1.5279591,0.0
611.6896626741222,28.313607897289703,445.03857881241277,1544.17,10,18000,False,1080000,678,60,f5d0adeb691e440fa6a7984365e88d25,2022-09-25_11-06-23,1664096783,90.54558038711548,5313.772718191147,579112,kamil-ThinkBook-15-G2-ARE,192.168.0.66,910.7703552246094,180000,10,2,a865a3f6,0,6.722040518160502,1.0452739452255277,1.5110863783168356,1075200,1080000,84052.978,22.681,6844.684,133.476,85.06511627906978,72.95968992248064,0.05000000074505806,4.999999873689376e-05,3.2278063,-0.008914019,3.2359154,0.7604658,0.016106218,1.4507294,0.0
611.6896626741222,28.313607897289703,447.67064198547183,1553.26,10,18000,False,1098000,688,61,f5d0adeb691e440fa6a7984365e88d25,2022-09-25_11-07-56,1664096876,92.9840772151947,5406.756795406342,579112,kamil-ThinkBook-15-G2-ARE,192.168.0.66,1003.7544324398041,198000,11,2,a865a3f6,0,6.720329329178367,1.043707489015235,1.5115178351255625,1093120,1098000,84223.005,9.367,6774.4,11.057,85.59849624060149,72.97142857142858,0.05000000074505806,4.999999873689376e-05,3.377081,-0.006424283,3.3829288,0.75787956,0.011523612,1.5108098,0.0
612.3458282450056,28.313607897289703,462.12407180970155,1603.76,11,18000,False,1116000,699,62,f5d0adeb691e440fa6a7984365e88d25,2022-09-25_11-09-33,1664096973,96.86227250099182,5503.619067907333,579112,kamil-ThinkBook-15-G2-ARE,192.168.0.66,1100.616704940796,216000,12,2,a865a3f6,0,6.72919385161556,1.038404831723073,1.5127632594764637,1111040,1116000,84726.283,9.423,6784.662,10.163,86.07898550724637,74.20362318840579,0.05000000074505806,4.999999873689376e-05,3.9451053,-0.0071117887,3.9515512,0.75153834,0.013320948,1.4304154,0.0
585.6337417020036,135.72102754139286,378.66344633730705,1312.25,12,18000,False,1098000,690,61,f5d0adeb691e440fa6a7984365e88d25,2022-09-25_11-12-22,1664097142,106.00512933731079,5419.777847528458,579432,kamil-ThinkBook-15-G2-ARE,192.168.0.66,106.00512933731079,18000,1,2,a865a3f6,0,7.743373763202336,1.1115421547967583,1.7343994088072787,1093120,1098000,96996.886,193.426,7466.983,1236.845,87.16118421052632,76.96842105263158,0.20000000298023224,4.999999873689376e-05,4.171069,-0.0041265152,4.173943,0.726439,0.0062640263,1.4869945,0.0
617.4731105284375,135.72102754139286,446.7804964031716,1551.0869565217392,11,18000,False,1116000,701,62,f5d0adeb691e440fa6a7984365e88d25,2022-09-25_11-14-05,1664097245,102.79955124855042,5522.577398777008,579432,kamil-ThinkBook-15-G2-ARE,192.168.0.66,208.8046805858612,36000,2,2,a865a3f6,0,7.742159712656702,1.0931788178416815,1.727412924695045,1111040,1116000,95866.867,102.087,7743.803,622.528,86.90136054421768,76.94625850340135,0.10000000149011612,4.999999873689376e-05,3.3661335,-0.008195077,3.372688,0.7602568,0.016400635,1.5680636,0.0
617.4731105284375,135.72102754139286,458.7970733799566,1599.090909090909,10,18000,False,1134000,711,63,f5d0adeb691e440fa6a7984365e88d25,2022-09-25_11-15-46,1664097346,100.85376715660095,5623.431165933609,579432,kamil-ThinkBook-15-G2-ARE,192.168.0.66,309.65844774246216,54000,3,2,a865a3f6,0,7.728463243389955,1.0756734203687806,1.71989294828646,1128960,1134000,94933.831,71.668,7745.346,420.869,86.61805555555556,76.82222222222221,0.10000000149011612,4.999999873689376e-05,3.455977,-0.0065800445,3.4616215,0.72572577,0.009354842,1.4841745,0.0
617.4731105284375,69.7965989625984,432.4464938115445,1502.6521739130435,13,18000,False,1152000,724,64,f5d0adeb691e440fa6a7984365e88d25,2022-09-25_11-17-27,1664097447,101.06537461280823,5724.496540546417,579432,kamil-ThinkBook-15-G2-ARE,192.168.0.66,410.7238223552704,72000,4,2,a865a3f6,0,7.700157698308771,1.0737626777576843,1.7155347687712643,1146880,1152000,94618.473,56.386,7650.626,316.721,86.57777777777778,76.80000000000001,0.05000000074505806,4.999999873689376e-05,4.7076783,-0.007853751,4.7148395,0.6669576,0.013860999,1.432597,0.0
617.4731105284375,69.7965989625984,421.9042803679967,1460.15,14,18000,False,1170000,738,65,f5d0adeb691e440fa6a7984365e88d25,2022-09-25_11-19-09,1664097549,101.97323679924011,5826.469777345657,579432,kamil-ThinkBook-15-G2-ARE,192.168.0.66,512.6970591545105,90000,5,2,a865a3f6,0,7.673603363311357,1.0809367377947676,1.7124182435536361,1164800,1170000,94534.368,47.193,7667.693,254.608,86.5848275862069,76.85310344827586,0.05000000074505806,4.999999873689376e-05,5.050234,-0.0067580673,5.0563974,0.649498,0.011887927,1.5030861,0.0
617.873334368692,69.7965989625984,420.22616089253694,1454.3243243243244,14,18000,False,1188000,752,66,f5d0adeb691e440fa6a7984365e88d25,2022-09-25_11-20-53,1664097653,103.80592751502991,5930.275704860687,579432,kamil-ThinkBook-15-G2-ARE,192.168.0.66,616.5029866695404,108000,6,2,a865a3f6,0,7.659081764834831,1.0895964765512354,1.7103799070272931,1182720,1188000,94770.31,41.566,7690.749,213.545,86.64662162162162,76.84324324324324,0.05000000074505806,4.999999873689376e-05,4.799772,-0.0078025283,4.8067923,0.71941876,0.015617408,1.4977916,0.0
617.873334368692,69.7965989625984,420.6756764531419,1451.7441860465117,12,18000,False,1206000,764,67,f5d0adeb691e440fa6a7984365e88d25,2022-09-25_11-22-34,1664097754,101.32255172729492,6031.598256587982,579432,kamil-ThinkBook-15-G2-ARE,192.168.0.66,717.8255383968353,126000,7,2,a865a3f6,0,7.647650735914235,1.0935255040811989,1.709655528728241,1200640,1206000,94626.049,36.992,7667.706,184.591,86.74,76.83999999999999,0.05000000074505806,4.999999873689376e-05,4.001386,-0.007851734,4.008678,0.6917486,0.011203157,1.3571535,0.0
617.873334368692,69.7965989625984,426.75252848530766,1472.0515463917525,11,18000,False,1224000,775,68,f5d0adeb691e440fa6a7984365e88d25,2022-09-25_11-24-16,1664097856,101.962229013443,6133.560485601425,579432,kamil-ThinkBook-15-G2-ARE,192.168.0.66,819.7877674102783,144000,8,2,a865a3f6,0,7.6416526369342,1.095018666442386,1.7089420725074338,1218560,1224000,94591.212,33.52,7656.955,163.243,86.57586206896552,76.9103448275862,0.05000000074505806,4.999999873689376e-05,2.4140995,-0.004586147,2.4180768,0.81686294,0.012175295,1.3624542,0.0
617.873334368692,69.7965989625984,421.8387627742216,1455.44,14,18000,False,1242000,789,69,f5d0adeb691e440fa6a7984365e88d25,2022-09-25_11-25-58,1664097958,101.8013265132904,6235.361812114716,579432,kamil-ThinkBook-15-G2-ARE,192.168.0.66,921.5890939235687,162000,9,2,a865a3f6,0,7.619197277389231,1.096955633185489,1.7055822725797425,1236480,1242000,94524.721,31.065,7669.109,147.134,86.56965517241379,76.96620689655171,0.05000000074505806,4.999999873689376e-05,4.8063025,-0.00856468,4.8141055,0.70468366,0.015234452,1.3676573,0.0
617.873334368692,69.7965989625984,416.3711332451751,1436.02,11,18000,False,1260000,800,70,f5d0adeb691e440fa6a7984365e88d25,2022-09-25_11-27-39,1664098059,101.13158988952637,6336.493402004242,579432,kamil-ThinkBook-15-G2-ARE,192.168.0.66,1022.7206838130951,180000,10,2,a865a3f6,0,7.601152304976797,1.100580180541106,1.7032832804980047,1254400,1260000,94377.62,29.073,7706.644,133.359,86.67931034482758,77.00827586206897,0.05000000074505806,4.999999873689376e-05,3.5179243,-0.00452913,3.5220194,0.7241653,0.008691451,1.4204884,0.0
617.873334368692,91.80843186119509,412.6283031255743,1423.31,13,18000,False,1278000,813,71,f5d0adeb691e440fa6a7984365e88d25,2022-09-25_11-29-20,1664098160,101.0422351360321,6437.535637140274,579432,kamil-ThinkBook-15-G2-ARE,192.168.0.66,1123.7629189491272,198000,11,2,a865a3f6,0,7.583566598410644,1.1105170289886674,1.7024648001518685,1272320,1278000,94027.335,11.127,7710.976,10.92,86.46319444444444,76.95763888888888,0.02500000037252903,4.999999873689376e-05,4.1207023,-0.006685633,4.1270194,0.7340922,0.014742777,1.496492,0.0
617.873334368692,75.89300508683793,412.1002214665067,1423.07,13,18000,False,1296000,826,72,f5d0adeb691e440fa6a7984365e88d25,2022-09-25_11-30-54,1664098254,94.41592359542847,6531.9515607357025,579432,kamil-ThinkBook-15-G2-ARE,192.168.0.66,1218.1788425445557,216000,12,2,a865a3f6,0,7.5690710466435,1.1169337610963839,1.700242798022889,1290240,1296000,93260.043,11.063,7640.767,10.677,85.8141791044776,76.80895522388057,0.02500000037252903,4.999999873689376e-05,3.9639761,-0.0057448633,3.9693873,0.7302924,0.013350204,1.5252734,0.0
622.9893355876321,75.89300508683793,420.93823136183886,1455.93,10,18000,False,1314000,836,73,f5d0adeb691e440fa6a7984365e88d25,2022-09-25_11-32-32,1664098352,97.11834764480591,6629.069908380508,579432,kamil-ThinkBook-15-G2-ARE,192.168.0.66,1315.2971901893616,234000,13,2,a865a3f6,0,7.560527118182276,1.1174031579279662,1.698065309304538,1308160,1314000,92948.424,11.155,7578.778,10.596,86.04892086330936,76.84028776978415,0.02500000037252903,4.999999873689376e-05,2.9002945,-0.007586377,2.9075494,0.76231647,0.013256509,1.4286826,0.0
622.9893355876321,48.83789977628021,431.8492861574882,1498.06,12,18000,False,1332000,848,74,f5d0adeb691e440fa6a7984365e88d25,2022-09-25_11-34-09,1664098449,97.83153653144836,6726.901444911957,579432,kamil-ThinkBook-15-G2-ARE,192.168.0.66,1413.12872672081,252000,14,2,a865a3f6,0,7.547536374985811,1.1133016879827762,1.6950800304734626,1326080,1332000,92625.192,10.94,7576.495,11.754,85.98705035971224,76.90647482014388,0.02500000037252903,4.999999873689376e-05,3.7088535,-0.008811344,3.7172084,0.79870737,0.01826448,1.4009405,0.0
622.9893355876321,48.83789977628021,427.9622253900801,1489.36,11,18000,False,1350000,859,75,f5d0adeb691e440fa6a7984365e88d25,2022-09-25_11-35-47,1664098547,97.79941177368164,6824.700856685638,579432,kamil-ThinkBook-15-G2-ARE,192.168.0.66,1510.9281384944916,270000,15,2,a865a3f6,0,7.535359408759141,1.1120122172140616,1.691465941574168,1344000,1350000,92266.965,10.733,7518.248,12.303,86.83857142857141,76.34285714285714,0.02500000037252903,4.999999873689376e-05,3.2212257,-0.01029185,3.2310119,0.79037213,0.020210471,1.5082871,0.0
622.9893355876321,48.83789977628021,442.3645351265875,1543.67,11,18000,False,1368000,870,76,f5d0adeb691e440fa6a7984365e88d25,2022-09-25_11-37-26,1664098646,98.79775214195251,6923.498608827591,579432,kamil-ThinkBook-15-G2-ARE,192.168.0.66,1609.725890636444,288000,16,2,a865a3f6,0,7.523387044485271,1.109009789738305,1.6875832581557477,1361920,1368000,91872.632,10.166,7413.831,12.462,86.3063829787234,76.65744680851064,0.02500000037252903,4.999999873689376e-05,2.9382098,-0.007343985,2.9451883,0.8139108,0.014602468,1.5046575,0.0
622.9893355876321,48.83789977628021,441.10494381360013,1541.73,12,18000,False,1386000,882,77,f5d0adeb691e440fa6a7984365e88d25,2022-09-25_11-39-06,1664098746,100.12433576583862,7023.62294459343,579432,kamil-ThinkBook-15-G2-ARE,192.168.0.66,1709.8502264022827,306000,17,2,a865a3f6,0,7.5110751516102505,1.1065150447681784,1.6828853911142228,1379840,1386000,91785.794,10.843,7380.392,12.362,86.15314685314686,76.84685314685314,0.02500000037252903,4.999999873689376e-05,3.4120905,-0.0060375393,3.4177449,0.8321532,0.015333389,1.4198146,0.0
622.9893355876321,48.83789977628021,445.51230424983595,1555.47,11,18000,False,1404000,893,78,f5d0adeb691e440fa6a7984365e88d25,2022-09-25_11-40-44,1664098844,97.5677444934845,7121.190689086914,579432,kamil-ThinkBook-15-G2-ARE,192.168.0.66,1807.4179708957672,324000,18,2,a865a3f6,0,7.500547548503939,1.1033275384734607,1.678519587157574,1397760,1404000,91372.761,10.792,7352.874,13.089,86.12589928057555,76.9021582733813,0.02500000037252903,4.999999873689376e-05,2.9214818,-0.0072943796,2.928389,0.79471046,0.015484987,1.4022107,0.0
622.9893355876321,48.83789977628021,451.1852395380038,1574.61,10,18000,False,1422000,903,79,f5d0adeb691e440fa6a7984365e88d25,2022-09-25_11-42-22,1664098942,98.52746725082397,7219.718156337738,579432,kamil-ThinkBook-15-G2-ARE,192.168.0.66,1905.9454381465912,342000,19,2,a865a3f6,0,7.490948353984774,1.0995468262825288,1.674386028640081,1415680,1422000,91093.576,10.496,7304.283,13.088,86.36142857142856,76.97642857142857,0.02500000037252903,4.999999873689376e-05,3.0814087,-0.0071508987,3.088188,0.79322785,0.014866594,1.4074214,0.0
622.9893355876321,48.83789977628021,450.3760442007868,1569.88,13,18000,False,1440000,916,80,f5d0adeb691e440fa6a7984365e88d25,2022-09-25_11-44-01,1664099041,98.50353717803955,7318.221693515778,579432,kamil-ThinkBook-15-G2-ARE,192.168.0.66,2004.4489753246307,360000,20,2,a865a3f6,0,7.479256250200334,1.0951193229467502,1.6694543940355706,1433600,1440000,90903.255,10.176,7232.174,13.033,86.22978723404255,77.00780141843973,0.02500000037252903,4.999999873689376e-05,3.9132879,-0.008170368,3.9210217,0.73598576,0.0174639,1.3780086,0.0
622.9893355876321,48.83789977628021,461.68222163506636,1611.85,10,18000,False,1458000,926,81,f5d0adeb691e440fa6a7984365e88d25,2022-09-25_11-45-39,1664099139,98.14562678337097,7416.367320299149,579432,kamil-ThinkBook-15-G2-ARE,192.168.0.66,2102.5946021080017,378000,21,2,a865a3f6,0,7.475224617687675,1.0900055588313617,1.666282585923782,1451520,1458000,90671.904,9.732,7174.192,12.503,86.30714285714286,77.08071428571428,0.02500000037252903,4.999999873689376e-05,2.5727727,-0.0056608887,2.5780954,0.8375214,0.013510795,1.3442607,0.0
609.7069777927337,48.83789977628021,459.64818864647253,1604.87,10,18000,False,1476000,936,82,f5d0adeb691e440fa6a7984365e88d25,2022-09-25_11-47-15,1664099235,95.5492639541626,7511.916584253311,579432,kamil-ThinkBook-15-G2-ARE,192.168.0.66,2198.1438660621643,396000,22,2,a865a3f6,0,7.470609670514124,1.0860896416090586,1.663902227775057,1469440,1476000,90766.76,9.887,7193.319,12.343,86.08970588235293,77.06617647058823,0.02500000037252903,4.999999873689376e-05,2.4882088,-0.008730288,2.49654,0.81471086,0.015948618,1.334968,0.0
604.8849428038225,84.16296713599733,466.4067143008486,1622.67,12,18000,False,1494000,948,83,f5d0adeb691e440fa6a7984365e88d25,2022-09-25_11-48-52,1664099332,97.29589891433716,7609.212483167648,579432,kamil-ThinkBook-15-G2-ARE,192.168.0.66,2295.4397649765015,414000,23,2,a865a3f6,0,7.464741520026505,1.0822720348054904,1.6611345919453289,1487360,1494000,90754.445,9.567,7224.561,11.596,85.81007194244604,77.10935251798561,0.02500000037252903,4.999999873689376e-05,3.4432795,-0.0068715946,3.4498098,0.77530146,0.013677703,1.4213849,0.0
608.9733996144126,83.4445934275112,465.81886740117596,1616.55,11,18000,False,1512000,959,84,f5d0adeb691e440fa6a7984365e88d25,2022-09-25_11-50-29,1664099429,97.12462615966797,7706.337109327316,579432,kamil-ThinkBook-15-G2-ARE,192.168.0.66,2392.5643911361694,432000,24,2,a865a3f6,0,7.4603021090884445,1.078759038792204,1.6584261376841705,1505280,1512000,90684.791,9.916,7222.997,13.1,85.97463768115942,77.16956521739131,0.02500000037252903,4.999999873689376e-05,2.9478161,-0.0067128376,2.9541273,0.7938069,0.016062453,1.3561517,0.0
624.4870516064294,83.4445934275112,461.369254313766,1597.87,11,18000,False,1530000,970,85,f5d0adeb691e440fa6a7984365e88d25,2022-09-25_11-52-06,1664099526,96.78733158111572,7803.124440908432,579432,kamil-ThinkBook-15-G2-ARE,192.168.0.66,2489.351722717285,450000,25,2,a865a3f6,0,7.4546721805021825,1.0761497194782403,1.656013452090474,1523200,1530000,90590.103,10.413,7216.287,12.901,85.87463768115943,77.20579710144929,0.02500000037252903,4.999999873689376e-05,2.670248,-0.00573539,2.675531,0.8147987,0.018090323,1.4782355,0.0
624.4870516064294,83.4445934275112,451.41853015551476,1563.72,13,18000,False,1548000,983,86,f5d0adeb691e440fa6a7984365e88d25,2022-09-25_11-53-50,1664099630,104.28921270370483,7907.413653612137,579432,kamil-ThinkBook-15-G2-ARE,192.168.0.66,2593.64093542099,468000,26,2,a865a3f6,0,7.449491307690119,1.073924795535512,1.6542725363778208,1541120,1548000,90998.065,10.477,7357.411,12.327,86.96510067114095,77.93825503355704,0.02500000037252903,4.999999873689376e-05,3.0324667,-0.0071152616,3.039214,0.826519,0.0147178685,1.4245569,0.0
624.4870516064294,30.402871752380936,446.6795650653616,1545.29,15,18000,False,1566000,998,87,f5d0adeb691e440fa6a7984365e88d25,2022-09-25_11-55-38,1664099738,107.43616080284119,8014.849814414978,579432,kamil-ThinkBook-15-G2-ARE,192.168.0.66,2701.077096223831,486000,27,2,a865a3f6,0,7.447657268660993,1.0732336304424044,1.6532151239273873,1559040,1566000,91599.174,9.665,7487.921,12.137,87.41437908496732,78.54444444444444,0.02500000037252903,4.999999873689376e-05,4.5327616,-0.0054076067,4.5377975,0.74700254,0.014867248,1.343826,0.0
624.4870516064294,30.402871752380936,441.29878867351044,1527.08,12,18000,False,1584000,1010,88,f5d0adeb691e440fa6a7984365e88d25,2022-09-25_11-57-18,1664099838,99.89478588104248,8114.7446002960205,579432,kamil-ThinkBook-15-G2-ARE,192.168.0.66,2800.9718821048737,504000,28,2,a865a3f6,0,7.447154927226607,1.072740192718543,1.6525470345742073,1576960,1584000,91777.513,9.949,7542.724,11.414,86.5958041958042,79.12307692307692,0.02500000037252903,4.999999873689376e-05,3.015492,-0.008753218,3.023886,0.78878665,0.014377613,1.3091669,0.0
624.4870516064294,30.402871752380936,439.20628770789835,1517.78,11,18000,False,1602000,1021,89,f5d0adeb691e440fa6a7984365e88d25,2022-09-25_11-59-03,1664099943,105.81137585639954,8220.55597615242,579432,kamil-ThinkBook-15-G2-ARE,192.168.0.66,2906.783257961273,522000,29,2,a865a3f6,0,7.448662599902541,1.0724899816727897,1.6524161438172393,1594880,1602000,92499.305,10.023,7551.071,10.542,88.19271523178809,79.76821192052981,0.02500000037252903,4.999999873689376e-05,3.2994578,-0.006339616,3.3053765,0.760376,0.016840294,1.3599485,0.0
624.4870516064294,30.402871752380936,433.49981338377046,1497.21,11,18000,False,1620000,1032,90,f5d0adeb691e440fa6a7984365e88d25,2022-09-25_12-00-55,1664100055,111.11295676231384,8331.668932914734,579432,kamil-ThinkBook-15-G2-ARE,192.168.0.66,3017.896214723587,540000,30,2,a865a3f6,0,7.454226337987926,1.0727776435853762,1.6529344262422845,1612800,1620000,93658.493,10.711,7652.07,10.111,89.00126582278482,80.79999999999998,0.02500000037252903,4.999999873689376e-05,2.9163907,-0.005573851,2.9214814,0.7808111,0.019313857,1.4355856,0.0
624.4870516064294,30.402871752380936,436.8650000614825,1509.77,12,18000,False,1638000,1044,91,f5d0adeb691e440fa6a7984365e88d25,2022-09-25_12-02-35,1664100155,100.70090055465698,8432.36983346939,579432,kamil-ThinkBook-15-G2-ARE,192.168.0.66,3118.597115278244,558000,31,2,a865a3f6,0,7.461670364267556,1.0736978570217204,1.6539082258162026,1630720,1638000,93821.4,10.792,7743.683,11.558,86.59791666666666,83.11527777777776,0.02500000037252903,4.999999873689376e-05,3.1992936,-0.008540906,3.2073505,0.7808319,0.01936407,1.3941292,0.0
624.4870516064294,30.402871752380936,434.72045673581766,1502.3,11,18000,False,1656000,1055,92,f5d0adeb691e440fa6a7984365e88d25,2022-09-25_12-04-24,1664100264,108.62755942344666,8540.997392892838,579432,kamil-ThinkBook-15-G2-ARE,192.168.0.66,3227.2246747016907,576000,32,2,a865a3f6,0,7.472772834668608,1.0742522614529157,1.6561017256776631,1648640,1656000,95139.712,10.74,7732.329,12.406,88.22129032258064,84.79870967741935,0.02500000037252903,4.999999873689376e-05,2.6462786,-0.0066544255,2.6525342,0.82112026,0.01595656,1.4769161,0.0
615.0588898291545,30.402871752380936,423.25399255501935,1461.37,14,18000,False,1674000,1069,93,f5d0adeb691e440fa6a7984365e88d25,2022-09-25_12-05-57,1664100357,93.20072913169861,8634.198122024536,579432,kamil-ThinkBook-15-G2-ARE,192.168.0.66,3320.4254038333893,594000,33,2,a865a3f6,0,7.483135873410439,1.0761382425243446,1.6579074168286418,1666560,1674000,94776.342,10.811,7683.221,15.039,85.57443609022557,82.57894736842105,0.02500000037252903,4.999999873689376e-05,3.6238546,-0.0068763793,3.6303759,0.749203,0.014214595,1.5912623,0.0
615.0588898291545,30.402871752380936,442.0373610866832,1524.17,10,18000,False,1692000,1079,94,f5d0adeb691e440fa6a7984365e88d25,2022-09-25_12-07-29,1664100449,91.38548111915588,8725.583603143692,579432,kamil-ThinkBook-15-G2-ARE,192.168.0.66,3411.810884952545,612000,34,2,a865a3f6,0,7.489256434364247,1.0766710902094154,1.6593458098257736,1684480,1692000,94274.077,11.561,7613.505,12.397,85.10923076923078,81.89307692307692,0.02500000037252903,4.999999873689376e-05,2.7180088,-0.006496926,2.7241368,0.801096,0.01476546,1.5120932,0.0
624.8378370386204,30.402871752380936,447.94537001148916,1541.65,10,18000,False,1710000,1089,95,f5d0adeb691e440fa6a7984365e88d25,2022-09-25_12-09-01,1664100541,92.3456699848175,8817.92927312851,579432,kamil-ThinkBook-15-G2-ARE,192.168.0.66,3504.1565549373627,630000,35,2,a865a3f6,0,7.492462943061074,1.076110790581286,1.659860548620416,1702400,1710000,93849.003,11.206,7594.894,12.209,85.2090909090909,81.9090909090909,0.02500000037252903,4.999999873689376e-05,2.6922753,-0.013365211,2.7050385,0.77406037,0.024091039,1.5784786,0.0
624.8378370386204,43.56457268918886,453.3932246159719,1566.77,12,18000,False,1728000,1101,96,f5d0adeb691e440fa6a7984365e88d25,2022-09-25_12-10-37,1664100637,95.85271549224854,8913.781988620758,579432,kamil-ThinkBook-15-G2-ARE,192.168.0.66,3600.009270429611,648000,36,2,a865a3f6,0,7.493596952160483,1.075008317296002,1.6598446877249466,1720320,1728000,93000.585,11.362,7597.545,14.296,86.03138686131386,81.42043795620438,0.02500000037252903,4.999999873689376e-05,2.7956505,-0.0076045003,2.8028686,0.79896754,0.015452165,1.5620149,0.0
624.8378370386204,45.6234515868329,450.2551633001407,1553.59,13,18000,False,1746000,1114,97,f5d0adeb691e440fa6a7984365e88d25,2022-09-25_12-12-31,1664100751,114.00480818748474,9027.786796808243,579432,kamil-ThinkBook-15-G2-ARE,192.168.0.66,3714.014078617096,666000,37,2,a865a3f6,0,7.4975405956432795,1.0742950825916153,1.6609247034829082,1738240,1746000,93564.84,11.92,7689.44,13.993,90.39197530864197,74.95246913580247,0.02500000037252903,4.999999873689376e-05,3.0865932,-0.008945242,3.095129,0.7790243,0.016398147,1.6121519,0.0
